gender,ssc_percentage,ssc_board,hsc_percentage,hsc_board,hsc_subject,degree_percentage,undergrad_degree,work_experience,emp_test_percentage,specialisation,mba_percent,status
M,67,Others,91,Others,Commerce,58,Sci&Tech,No,55,Mkt&HR,58.8,Placed
M,79.33,Central,78.33,Others,Science,77.48,Sci&Tech,Yes,86.5,Mkt&Fin,66.28,Placed
M,65,Central,68,Central,Arts,64,Comm&Mgmt,No,75,Mkt&Fin,57.8,Placed
M,56,Central,52,Central,Science,52,Sci&Tech,No,66,Mkt&HR,59.43,Not Placed
M,85.8,Central,73.6,Central,Commerce,73.3,Comm&Mgmt,No,96.8,Mkt&Fin,55.5,Placed
M,55,Others,49.8,Others,Science,67.25,Sci&Tech,Yes,55,Mkt&Fin,51.58,Not Placed
F,46,Others,49.2,Others,Commerce,79,Comm&Mgmt,No,74.28,Mkt&Fin,53.29,Not Placed
M,82,Central,64,Central,Science,66,Sci&Tech,Yes,67,Mkt&Fin,62.14,Placed
M,73,Central,79,Central,Commerce,72,Comm&Mgmt,No,91.34,Mkt&Fin,61.29,Placed
